,Open time,Open,High,Low,Close,Volume,Close time,Quote asset volume,Number of trades,Taker buy base asset volume,Taker buy quote asset volume,Ignore
0,2021-01-31 21:00:00,15.50000000,15.55000000,15.34000000,15.43000000,158397.99000000,2021-01-31 21:59:59.999,2446930.33760000,205,81674.66000000,1265794.00780000,0
1,2021-01-31 22:00:00,15.44000000,15.44000000,15.26000000,15.35000000,201486.56000000,2021-01-31 22:59:59.999,3094817.61710000,94,14433.07000000,222380.62950000,0
2,2021-01-31 23:00:00,15.29000000,15.43000000,15.24000000,15.39000000,42759.84000000,2021-01-31 23:59:59.999,656416.33200000,101,17211.91000000,264919.04140000,0
3,2021-02-01 00:00:00,15.30000000,15.67000000,15.15000000,15.46000000,508201.89000000,2021-02-01 00:59:59.999,7832847.51280000,292,328268.98000000,5085895.73720000,0
4,2021-02-01 01:00:00,15.54000000,15.80000000,15.44000000,15.73000000,91353.13000000,2021-02-01 01:59:59.999,1433934.97500000,143,68293.86000000,1073379.31950000,0
5,2021-02-01 02:00:00,15.64000000,15.84000000,15.44000000,15.59000000,68238.88000000,2021-02-01 02:59:59.999,1069513.96870000,143,46428.10000000,729874.50430000,0
6,2021-02-01 03:00:00,15.58000000,15.73000000,15.47000000,15.73000000,176165.36000000,2021-02-01 03:59:59.999,2741560.58020000,104,152163.94000000,2369196.80220000,0
7,2021-02-01 04:00:00,15.73000000,16.35000000,15.56000000,16.31000000,263508.68000000,2021-02-01 04:59:59.999,4211741.55030000,334,227834.21000000,3643978.52460000,0
8,2021-02-01 05:00:00,16.26000000,16.50000000,16.01000000,16.03000000,347884.78000000,2021-02-01 05:59:59.999,5640534.70340000,390,102549.28000000,1666565.27960000,0
9,2021-02-01 06:00:00,16.02000000,16.48000000,15.89000000,16.00000000,310852.55000000,2021-02-01 06:59:59.999,5028000.69370000,298,128410.52000000,2085269.46300000,0
10,2021-02-01 07:00:00,15.89000000,16.15000000,15.89000000,16.03000000,105219.16000000,2021-02-01 07:59:59.999,1689426.81140000,144,57114.82000000,918072.99760000,0
11,2021-02-01 08:00:00,16.03000000,16.90000000,15.86000000,16.50000000,619210.36000000,2021-02-01 08:59:59.999,10139274.00550000,633,336920.35000000,5525582.67290000,0
12,2021-02-01 09:00:00,16.50000000,16.55000000,16.16000000,16.33000000,312597.49000000,2021-02-01 09:59:59.999,5111676.84040000,330,189374.26000000,3105021.21010000,0
13,2021-02-01 10:00:00,16.33000000,16.66000000,16.26000000,16.50000000,164467.22000000,2021-02-01 10:59:59.999,2710805.17850000,247,123868.38000000,2045151.73430000,0
14,2021-02-01 11:00:00,16.50000000,16.61000000,16.24000000,16.25000000,385796.41000000,2021-02-01 11:59:59.999,6299540.59770000,331,55105.08000000,905305.84170000,0
15,2021-02-01 12:00:00,16.25000000,16.31000000,15.67000000,15.89000000,493643.52000000,2021-02-01 12:59:59.999,7888620.94470000,408,191509.85000000,3068053.98390000,0
16,2021-02-01 13:00:00,15.92000000,16.04000000,15.50000000,15.67000000,230351.08000000,2021-02-01 13:59:59.999,3643103.93990000,383,91915.63000000,1461947.11390000,0
17,2021-02-01 14:00:00,15.66000000,15.73000000,15.26000000,15.52000000,277073.53000000,2021-02-01 14:59:59.999,4296052.84580000,401,55554.00000000,866590.70380000,0
18,2021-02-01 15:00:00,15.52000000,15.76000000,15.45000000,15.53000000,164743.20000000,2021-02-01 15:59:59.999,2561684.10900000,202,66149.99000000,1031274.55030000,0
19,2021-02-01 16:00:00,15.54000000,15.72000000,15.51000000,15.59000000,164289.44000000,2021-02-01 16:59:59.999,2561186.03410000,163,61479.03000000,961713.65510000,0
20,2021-02-01 17:00:00,15.56000000,15.75000000,15.45000000,15.75000000,233481.02000000,2021-02-01 17:59:59.999,3653035.87280000,214,157751.43000000,2476012.04230000,0
21,2021-02-01 18:00:00,15.65000000,15.88000000,15.62000000,15.77000000,94754.16000000,2021-02-01 18:59:59.999,1494063.75340000,186,37410.48000000,590383.54470000,0
22,2021-02-01 19:00:00,15.77000000,15.85000000,15.60000000,15.76000000,258305.89000000,2021-02-01 19:59:59.999,4080353.09460000,226,71211.67000000,1122010.79930000,0
23,2021-02-01 20:00:00,15.75000000,15.85000000,15.68000000,15.75000000,125813.72000000,2021-02-01 20:59:59.999,1985955.08270000,123,48589.54000000,768154.64520000,0
24,2021-02-01 21:00:00,15.75000000,15.86000000,15.72000000,15.73000000,92718.73000000,2021-02-01 21:59:59.999,1462440.50780000,112,35013.88000000,554147.77950000,0
25,2021-02-01 22:00:00,15.79000000,15.94000000,15.74000000,15.92000000,200508.09000000,2021-02-01 22:59:59.999,3176330.82210000,126,145456.80000000,2306467.39900000,0
26,2021-02-01 23:00:00,15.93000000,16.09000000,15.85000000,16.04000000,228176.89000000,2021-02-01 23:59:59.999,3652001.19070000,124,105428.55000000,1687739.67700000,0
27,2021-02-02 00:00:00,16.00000000,16.20000000,15.92000000,16.16000000,226135.51000000,2021-02-02 00:59:59.999,3634242.69590000,184,146987.45000000,2363406.21390000,0
28,2021-02-02 01:00:00,16.16000000,16.17000000,15.63000000,15.80000000,86672.54000000,2021-02-02 01:59:59.999,1370500.60990000,199,17170.24000000,273577.64830000,0
29,2021-02-02 02:00:00,15.80000000,15.93000000,15.69000000,15.75000000,52663.87000000,2021-02-02 02:59:59.999,833738.91760000,121,31122.87000000,493920.36990000,0
30,2021-02-02 03:00:00,15.75000000,15.89000000,15.63000000,15.76000000,28892.72000000,2021-02-02 03:59:59.999,454312.90280000,89,6251.93000000,98773.90630000,0
31,2021-02-02 04:00:00,15.84000000,15.95000000,15.77000000,15.92000000,34369.88000000,2021-02-02 04:59:59.999,544605.06930000,81,17992.07000000,285650.04970000,0
32,2021-02-02 05:00:00,15.92000000,16.10000000,15.77000000,15.88000000,50728.46000000,2021-02-02 05:59:59.999,806921.56550000,162,30268.45000000,482589.55440000,0
33,2021-02-02 06:00:00,15.80000000,15.90000000,15.74000000,15.81000000,37621.46000000,2021-02-02 06:59:59.999,594678.85580000,101,15520.07000000,246058.22760000,0
34,2021-02-02 07:00:00,15.89000000,16.10000000,15.81000000,16.01000000,98036.68000000,2021-02-02 07:59:59.999,1566286.77150000,149,59008.96000000,945729.10730000,0
35,2021-02-02 08:00:00,16.01000000,16.10000000,15.91000000,15.99000000,233257.32000000,2021-02-02 08:59:59.999,3723348.48180000,154,176369.96000000,2814035.87030000,0
36,2021-02-02 09:00:00,16.00000000,16.15000000,15.89000000,15.91000000,123115.06000000,2021-02-02 09:59:59.999,1973280.55180000,172,42228.85000000,678305.46530000,0
37,2021-02-02 10:00:00,15.91000000,16.02000000,15.77000000,16.02000000,266495.05000000,2021-02-02 10:59:59.999,4238131.06990000,167,135714.22000000,2162305.09220000,0
38,2021-02-02 11:00:00,16.02000000,16.07000000,15.80000000,15.80000000,161856.52000000,2021-02-02 11:59:59.999,2576555.14260000,230,49903.93000000,794951.50600000,0
39,2021-02-02 12:00:00,15.79000000,15.94000000,15.77000000,15.85000000,254487.05000000,2021-02-02 12:59:59.999,4036836.19870000,151,122952.71000000,1953930.74730000,0
40,2021-02-02 13:00:00,15.85000000,16.04000000,15.83000000,15.96000000,94373.44000000,2021-02-02 13:59:59.999,1505143.25880000,141,52508.10000000,837321.57620000,0
41,2021-02-02 14:00:00,15.97000000,16.15000000,15.94000000,16.03000000,103208.14000000,2021-02-02 14:59:59.999,1656499.05640000,151,62193.79000000,999861.33720000,0
42,2021-02-02 15:00:00,16.10000000,16.15000000,15.96000000,16.05000000,98623.93000000,2021-02-02 15:59:59.999,1584273.17770000,148,44304.62000000,713695.01060000,0
43,2021-02-02 16:00:00,16.05000000,16.05000000,15.77000000,15.82000000,291893.52000000,2021-02-02 16:59:59.999,4629220.87240000,148,19877.01000000,317106.24660000,0
44,2021-02-02 17:00:00,15.89000000,15.95000000,15.81000000,15.89000000,475323.77000000,2021-02-02 17:59:59.999,7557917.45030000,137,9391.82000000,149557.74290000,0
45,2021-02-02 18:00:00,15.92000000,15.93000000,15.82000000,15.86000000,1300274.28000000,2021-02-02 18:59:59.999,20646368.82500000,141,10219.62000000,162392.80600000,0
46,2021-02-02 19:00:00,15.86000000,15.93000000,15.82000000,15.83000000,252473.10000000,2021-02-02 19:59:59.999,4005048.17520000,105,11474.26000000,182436.73950000,0
47,2021-02-02 20:00:00,15.83000000,15.93000000,15.79000000,15.85000000,176934.41000000,2021-02-02 20:59:59.999,2808203.16900000,108,57161.07000000,908808.23130000,0
48,2021-02-02 21:00:00,15.93000000,16.03000000,15.81000000,15.97000000,503417.98000000,2021-02-02 21:59:59.999,8048734.76200000,177,70839.90000000,1132642.00680000,0
49,2021-02-02 22:00:00,16.03000000,16.20000000,15.96000000,16.05000000,218600.85000000,2021-02-02 22:59:59.999,3517031.18050000,178,140552.39000000,2265808.71880000,0
50,2021-02-02 23:00:00,16.05000000,16.11000000,15.91000000,15.91000000,37115.97000000,2021-02-02 23:59:59.999,593708.02200000,74,7550.34000000,121209.76800000,0
51,2021-02-03 00:00:00,16.00000000,16.07000000,15.94000000,16.06000000,25945.34000000,2021-02-03 00:59:59.999,415190.37430000,44,19818.26000000,317303.14050000,0
52,2021-02-03 01:00:00,15.96000000,16.17000000,15.91000000,16.04000000,298361.34000000,2021-02-03 01:59:59.999,4799332.52570000,85,16896.22000000,271423.69970000,0
53,2021-02-03 02:00:00,16.03000000,16.38000000,16.01000000,16.38000000,245000.43000000,2021-02-03 02:59:59.999,3967517.11790000,107,78984.06000000,1280796.64490000,0
54,2021-02-03 03:00:00,16.38000000,16.51000000,16.32000000,16.51000000,680575.74000000,2021-02-03 03:59:59.999,11173585.46170000,160,392803.51000000,6456476.94470000,0
55,2021-02-03 04:00:00,16.51000000,16.56000000,16.24000000,16.27000000,434362.91000000,2021-02-03 04:59:59.999,7146164.42500000,143,89310.11000000,1470752.57590000,0
56,2021-02-03 05:00:00,16.33000000,16.34000000,16.17000000,16.19000000,117210.97000000,2021-02-03 05:59:59.999,1907182.03340000,80,97432.41000000,1586187.03810000,0
57,2021-02-03 06:00:00,16.18000000,16.30000000,16.02000000,16.03000000,72869.07000000,2021-02-03 06:59:59.999,1178009.75220000,135,31438.73000000,509853.10870000,0
58,2021-02-03 07:00:00,16.10000000,16.17000000,16.02000000,16.12000000,89220.66000000,2021-02-03 07:59:59.999,1433437.36400000,101,28190.15000000,453649.50910000,0
59,2021-02-03 08:00:00,16.09000000,16.14000000,15.96000000,16.13000000,381070.37000000,2021-02-03 08:59:59.999,6109361.56070000,119,35023.41000000,562062.40090000,0
60,2021-02-03 09:00:00,16.12000000,16.12000000,15.92000000,16.10000000,188134.27000000,2021-02-03 09:59:59.999,3014168.24550000,153,36190.90000000,580971.76730000,0
61,2021-02-03 10:00:00,16.03000000,16.14000000,15.96000000,16.03000000,260326.23000000,2021-02-03 10:59:59.999,4173842.26690000,112,27396.38000000,441426.06310000,0
62,2021-02-03 11:00:00,16.11000000,16.33000000,16.03000000,16.21000000,1222161.81000000,2021-02-03 11:59:59.999,19735642.60440000,224,256607.44000000,4147104.52870000,0
63,2021-02-03 12:00:00,16.11000000,16.30000000,16.06000000,16.29000000,260337.76000000,2021-02-03 12:59:59.999,4221620.59150000,153,217013.55000000,3522331.47970000,0
64,2021-02-03 13:00:00,16.29000000,16.40000000,16.16000000,16.26000000,177695.32000000,2021-02-03 13:59:59.999,2889503.55590000,115,66484.43000000,1084715.94990000,0
65,2021-02-03 14:00:00,16.26000000,16.35000000,16.16000000,16.26000000,457385.88000000,2021-02-03 14:59:59.999,7429469.04470000,106,125264.46000000,2041155.66300000,0
66,2021-02-03 15:00:00,16.34000000,16.40000000,16.22000000,16.26000000,153408.68000000,2021-02-03 15:59:59.999,2501201.19830000,148,56908.11000000,930717.04510000,0
67,2021-02-03 16:00:00,16.26000000,16.36000000,16.13000000,16.27000000,372294.06000000,2021-02-03 16:59:59.999,6045390.32490000,178,49006.81000000,797440.79830000,0
68,2021-02-03 17:00:00,16.27000000,16.56000000,16.23000000,16.50000000,474211.44000000,2021-02-03 17:59:59.999,7782847.23900000,209,353858.34000000,5802705.53170000,0
69,2021-02-03 18:00:00,16.50000000,16.52000000,16.39000000,16.49000000,466115.74000000,2021-02-03 18:59:59.999,7672018.19270000,151,87273.96000000,1439789.19490000,0
70,2021-02-03 19:00:00,16.49000000,16.52000000,16.29000000,16.33000000,290507.31000000,2021-02-03 19:59:59.999,4780169.83920000,130,62181.02000000,1025007.46530000,0
71,2021-02-03 20:00:00,16.31000000,16.45000000,16.23000000,16.35000000,120419.74000000,2021-02-03 20:59:59.999,1974082.68280000,164,68558.69000000,1125554.19010000,0
72,2021-02-03 21:00:00,16.42000000,16.87000000,16.35000000,16.87000000,315964.44000000,2021-02-03 21:59:59.999,5248319.29820000,271,230731.45000000,3829751.25740000,0
73,2021-02-03 22:00:00,16.88000000,16.91000000,16.44000000,16.70000000,183990.35000000,2021-02-03 22:59:59.999,3074368.33700000,261,28500.10000000,476808.72050000,0
74,2021-02-03 23:00:00,16.61000000,16.70000000,16.46000000,16.55000000,200489.84000000,2021-02-03 23:59:59.999,3317245.46710000,152,77574.04000000,1286727.42270000,0
75,2021-02-04 00:00:00,16.55000000,16.66000000,16.42000000,16.42000000,95321.85000000,2021-02-04 00:59:59.999,1579561.28910000,75,25889.09000000,429551.70690000,0
76,2021-02-04 01:00:00,16.41000000,16.61000000,16.41000000,16.55000000,28978.64000000,2021-02-04 01:59:59.999,477870.56210000,71,16713.98000000,276386.09500000,0
77,2021-02-04 02:00:00,16.55000000,16.61000000,16.09000000,16.39000000,252795.58000000,2021-02-04 02:59:59.999,4137651.70610000,271,69954.47000000,1148693.19560000,0
78,2021-02-04 03:00:00,16.31000000,16.42000000,16.10000000,16.25000000,107030.82000000,2021-02-04 03:59:59.999,1739719.16500000,140,66486.69000000,1082125.34120000,0
79,2021-02-04 04:00:00,16.27000000,16.42000000,16.22000000,16.31000000,35669.94000000,2021-02-04 04:59:59.999,582491.68940000,84,25545.78000000,417559.05550000,0
80,2021-02-04 05:00:00,16.31000000,16.44000000,16.22000000,16.29000000,141699.38000000,2021-02-04 05:59:59.999,2315783.65380000,125,49400.02000000,809851.48800000,0
81,2021-02-04 06:00:00,16.29000000,16.41000000,16.22000000,16.37000000,155477.02000000,2021-02-04 06:59:59.999,2539688.79790000,121,84483.23000000,1384021.52790000,0
82,2021-02-04 07:00:00,16.34000000,16.50000000,16.22000000,16.32000000,283931.77000000,2021-02-04 07:59:59.999,4637158.00550000,196,47759.45000000,784468.87610000,0
83,2021-02-04 08:00:00,16.23000000,16.35000000,15.75000000,15.84000000,581937.21000000,2021-02-04 08:59:59.999,9376176.06880000,320,257272.50000000,4141306.22250000,0
84,2021-02-04 09:00:00,15.75000000,16.02000000,15.56000000,15.95000000,377812.47000000,2021-02-04 09:59:59.999,5953232.33670000,365,151356.32000000,2399169.01860000,0
85,2021-02-04 10:00:00,15.99000000,16.07000000,15.82000000,15.99000000,205460.16000000,2021-02-04 10:59:59.999,3282251.18580000,185,97662.91000000,1564123.02550000,0
86,2021-02-04 11:00:00,15.87000000,16.05000000,15.80000000,15.91000000,183490.50000000,2021-02-04 11:59:59.999,2915536.96560000,219,69187.53000000,1103234.16240000,0
87,2021-02-04 12:00:00,15.92000000,16.17000000,15.80000000,16.06000000,182646.35000000,2021-02-04 12:59:59.999,2919098.58570000,208,136647.18000000,2189148.40120000,0
88,2021-02-04 13:00:00,16.14000000,16.14000000,15.82000000,15.85000000,304655.48000000,2021-02-04 13:59:59.999,4866557.63310000,214,75297.38000000,1209838.57390000,0
89,2021-02-04 14:00:00,15.84000000,15.97000000,15.70000000,15.79000000,399726.90000000,2021-02-04 14:59:59.999,6329133.49760000,275,70734.54000000,1122916.20980000,0
90,2021-02-04 15:00:00,15.70000000,15.86000000,15.63000000,15.74000000,319320.70000000,2021-02-04 15:59:59.999,5026353.45800000,201,93870.88000000,1481946.42570000,0
91,2021-02-04 16:00:00,15.74000000,16.30000000,15.74000000,16.12000000,524180.02000000,2021-02-04 16:59:59.999,8415816.68540000,298,432978.13000000,6946585.38450000,0
92,2021-02-04 17:00:00,16.20000000,16.26000000,15.85000000,16.01000000,561768.42000000,2021-02-04 17:59:59.999,8991892.86090000,289,70827.35000000,1140259.95480000,0
93,2021-02-04 18:00:00,16.01000000,16.16000000,15.91000000,16.02000000,98240.62000000,2021-02-04 18:59:59.999,1577263.19250000,185,64702.63000000,1040090.13740000,0
94,2021-02-04 19:00:00,16.03000000,16.24000000,15.96000000,16.18000000,298607.80000000,2021-02-04 19:59:59.999,4807827.23950000,158,174562.65000000,2820332.67160000,0
95,2021-02-04 20:00:00,16.16000000,16.30000000,16.05000000,16.14000000,374026.49000000,2021-02-04 20:59:59.999,6044237.54010000,253,117776.50000000,1908383.21430000,0
96,2021-02-04 21:00:00,16.08000000,16.35000000,16.08000000,16.16000000,462848.26000000,2021-02-04 21:59:59.999,7504335.34690000,234,238169.33000000,3866314.42020000,0
97,2021-02-04 22:00:00,16.22000000,16.26000000,15.96000000,16.02000000,355956.86000000,2021-02-04 22:59:59.999,5725529.32640000,245,136355.01000000,2190998.00520000,0
98,2021-02-04 23:00:00,16.11000000,16.15000000,15.94000000,15.94000000,106707.64000000,2021-02-04 23:59:59.999,1716213.57890000,107,67479.91000000,1087917.95160000,0
99,2021-02-05 00:00:00,15.94000000,16.10000000,15.89000000,16.10000000,37698.33000000,2021-02-05 00:59:59.999,602565.48800000,90,21927.91000000,351501.47590000,0
100,2021-02-05 01:00:00,16.01000000,16.20000000,15.96000000,15.96000000,246484.48000000,2021-02-05 01:59:59.999,3967515.56570000,98,65120.83000000,1053914.83870000,0
101,2021-02-05 02:00:00,15.95000000,16.06000000,15.93000000,16.02000000,246356.84000000,2021-02-05 02:59:59.999,3938584.89140000,67,5190.40000000,83273.45690000,0
102,2021-02-05 03:00:00,16.05000000,16.18000000,15.96000000,16.13000000,80666.51000000,2021-02-05 03:59:59.999,1298902.56030000,64,30623.36000000,493663.26470000,0
103,2021-02-05 04:00:00,16.17000000,16.25000000,16.07000000,16.20000000,244443.43000000,2021-02-05 04:59:59.999,3952834.30810000,103,144315.98000000,2337171.51970000,0
104,2021-02-05 05:00:00,16.11000000,16.30000000,16.03000000,16.21000000,168685.58000000,2021-02-05 05:59:59.999,2719757.71210000,170,50377.14000000,817113.91330000,0
105,2021-02-05 06:00:00,16.28000000,16.40000000,16.13000000,16.25000000,220887.07000000,2021-02-05 06:59:59.999,3592975.12320000,161,93570.11000000,1526287.12570000,0
106,2021-02-05 07:00:00,16.25000000,16.38000000,16.19000000,16.22000000,184508.33000000,2021-02-05 07:59:59.999,3003154.03870000,123,129865.07000000,2115501.96190000,0
107,2021-02-05 08:00:00,16.23000000,16.81000000,16.22000000,16.81000000,851379.85000000,2021-02-05 08:59:59.999,14043886.50420000,372,561847.10000000,9280065.91480000,0
108,2021-02-05 09:00:00,16.81000000,17.14000000,16.41000000,16.41000000,691708.86000000,2021-02-05 09:59:59.999,11572171.61130000,527,139784.03000000,2357374.74520000,0
109,2021-02-05 10:00:00,16.40000000,16.76000000,16.40000000,16.56000000,528223.04000000,2021-02-05 10:59:59.999,8748751.33960000,242,245656.18000000,4063282.38880000,0
110,2021-02-05 11:00:00,16.59000000,16.90000000,16.57000000,16.85000000,187770.37000000,2021-02-05 11:59:59.999,3140432.35310000,223,66450.43000000,1113596.93260000,0
111,2021-02-05 12:00:00,16.85000000,16.99000000,16.68000000,16.70000000,419807.15000000,2021-02-05 12:59:59.999,7034564.36010000,256,86773.95000000,1462259.15950000,0
112,2021-02-05 13:00:00,16.70000000,17.00000000,16.67000000,16.86000000,541900.88000000,2021-02-05 13:59:59.999,9119267.91160000,377,337529.03000000,5694679.81630000,0
113,2021-02-05 14:00:00,16.76000000,16.86000000,16.50000000,16.64000000,704104.77000000,2021-02-05 14:59:59.999,11714413.60730000,380,137295.32000000,2291609.33380000,0
114,2021-02-05 15:00:00,16.64000000,16.80000000,16.50000000,16.61000000,453258.41000000,2021-02-05 15:59:59.999,7546656.55010000,322,154767.70000000,2586377.76210000,0
115,2021-02-05 16:00:00,16.70000000,16.99000000,16.53000000,16.56000000,679818.25000000,2021-02-05 16:59:59.999,11385421.28780000,426,287794.35000000,4835759.88320000,0
116,2021-02-05 17:00:00,16.56000000,17.48000000,16.56000000,17.43000000,685540.61000000,2021-02-05 17:59:59.999,11679591.42540000,871,477993.81000000,8156281.26730000,0
117,2021-02-05 18:00:00,17.44000000,17.55000000,16.97000000,17.10000000,834213.24000000,2021-02-05 18:59:59.999,14420332.27520000,609,272829.97000000,4729918.61290000,0
118,2021-02-05 19:00:00,17.07000000,17.25000000,16.94000000,17.04000000,227597.21000000,2021-02-05 19:59:59.999,3897529.56160000,324,119016.09000000,2042352.50140000,0
119,2021-02-05 20:00:00,17.17000000,17.22000000,16.95000000,17.20000000,153944.99000000,2021-02-05 20:59:59.999,2626859.40710000,261,62320.36000000,1065825.47650000,0
120,2021-02-05 21:00:00,17.13000000,17.30000000,16.94000000,16.99000000,146303.54000000,2021-02-05 21:59:59.999,2500560.74680000,248,55449.65000000,953455.42460000,0
121,2021-02-05 22:00:00,17.00000000,17.25000000,17.00000000,17.14000000,71888.22000000,2021-02-05 22:59:59.999,1231090.06720000,166,43657.05000000,749165.01020000,0
122,2021-02-05 23:00:00,17.14000000,17.21000000,16.93000000,17.03000000,161612.21000000,2021-02-05 23:59:59.999,2753304.82980000,188,50676.31000000,866316.15000000,0
123,2021-02-06 00:00:00,17.09000000,17.09000000,16.63000000,16.63000000,226595.27000000,2021-02-06 00:59:59.999,3849689.55040000,148,189069.20000000,3219496.85480000,0
124,2021-02-06 01:00:00,16.63000000,16.66000000,15.67000000,16.09000000,183592.50000000,2021-02-06 01:59:59.999,2962385.89440000,312,34367.13000000,552414.80000000,0
125,2021-02-06 02:00:00,16.08000000,16.40000000,15.95000000,16.30000000,47665.14000000,2021-02-06 02:59:59.999,773153.04560000,85,24501.74000000,397653.13450000,0
126,2021-02-06 03:00:00,16.21000000,16.30000000,16.14000000,16.21000000,120314.80000000,2021-02-06 03:59:59.999,1954709.06150000,53,14823.95000000,241187.89200000,0
127,2021-02-06 04:00:00,16.19000000,16.26000000,16.01000000,16.01000000,123091.87000000,2021-02-06 04:59:59.999,1983691.88880000,82,44373.28000000,716085.95260000,0
128,2021-02-06 05:00:00,16.01000000,16.29000000,15.89000000,16.17000000,103888.34000000,2021-02-06 05:59:59.999,1672930.68980000,168,66956.05000000,1082484.46940000,0
129,2021-02-06 06:00:00,16.09000000,16.15000000,15.92000000,16.07000000,84576.58000000,2021-02-06 06:59:59.999,1357699.32270000,107,9711.00000000,156210.59090000,0
130,2021-02-06 07:00:00,16.06000000,16.15000000,15.86000000,15.93000000,214489.82000000,2021-02-06 07:59:59.999,3431401.42110000,203,65892.66000000,1055243.39850000,0
131,2021-02-06 08:00:00,16.01000000,16.10000000,15.81000000,15.94000000,160594.58000000,2021-02-06 08:59:59.999,2569756.74020000,176,91226.20000000,1467005.87300000,0
132,2021-02-06 09:00:00,15.86000000,15.99000000,15.50000000,15.93000000,187741.07000000,2021-02-06 09:59:59.999,2956962.21990000,203,77609.00000000,1231166.50490000,0
133,2021-02-06 10:00:00,15.93000000,15.99000000,15.77000000,15.87000000,120957.89000000,2021-02-06 10:59:59.999,1922175.70470000,108,66061.34000000,1050062.46790000,0
134,2021-02-06 11:00:00,15.87000000,15.92000000,15.50000000,15.64000000,303577.24000000,2021-02-06 11:59:59.999,4770384.10810000,230,63184.03000000,994607.10680000,0
135,2021-02-06 12:00:00,15.66000000,15.88000000,15.50000000,15.77000000,114013.43000000,2021-02-06 12:59:59.999,1790014.20980000,123,83629.33000000,1315610.54140000,0
136,2021-02-06 13:00:00,15.76000000,15.83000000,15.59000000,15.75000000,89349.68000000,2021-02-06 13:59:59.999,1400863.45700000,116,21480.80000000,338301.88590000,0
137,2021-02-06 14:00:00,15.65000000,15.75000000,15.58000000,15.74000000,29461.06000000,2021-02-06 14:59:59.999,462214.30010000,58,22854.07000000,358944.88980000,0
138,2021-02-06 15:00:00,15.65000000,15.83000000,15.60000000,15.60000000,110999.97000000,2021-02-06 15:59:59.999,1742701.71360000,92,46371.60000000,730559.53820000,0
139,2021-02-06 16:00:00,15.60000000,15.75000000,15.51000000,15.58000000,96023.37000000,2021-02-06 16:59:59.999,1497698.49120000,150,55258.62000000,862857.14090000,0
140,2021-02-06 17:00:00,15.67000000,15.73000000,15.50000000,15.55000000,245223.50000000,2021-02-06 17:59:59.999,3840561.94070000,114,72765.65000000,1137876.46820000,0
141,2021-02-06 18:00:00,15.50000000,15.90000000,15.46000000,15.79000000,98882.59000000,2021-02-06 18:59:59.999,1554887.21690000,160,77049.40000000,1214071.47010000,0
142,2021-02-06 19:00:00,15.75000000,16.02000000,15.64000000,15.91000000,92654.36000000,2021-02-06 19:59:59.999,1461058.59870000,182,53689.30000000,850080.77480000,0
143,2021-02-06 20:00:00,15.87000000,16.00000000,15.51000000,15.63000000,51955.27000000,2021-02-06 20:59:59.999,814366.28100000,111,9596.54000000,151515.74460000,0
144,2021-02-06 21:00:00,15.63000000,15.80000000,15.50000000,15.66000000,40820.71000000,2021-02-06 21:59:59.999,637636.28430000,94,23149.54000000,363252.15030000,0
145,2021-02-06 22:00:00,15.75000000,15.90000000,15.68000000,15.90000000,25956.26000000,2021-02-06 22:59:59.999,410009.93160000,54,19434.57000000,307437.87610000,0
146,2021-02-06 23:00:00,15.90000000,15.90000000,15.68000000,15.89000000,74026.73000000,2021-02-06 23:59:59.999,1166293.84180000,68,16697.36000000,264967.95870000,0
147,2021-02-07 00:00:00,15.87000000,15.95000000,15.74000000,15.81000000,52047.77000000,2021-02-07 00:59:59.999,827071.46370000,39,48475.57000000,770673.09900000,0
148,2021-02-07 01:00:00,15.90000000,15.95000000,15.64000000,15.64000000,33456.73000000,2021-02-07 01:59:59.999,528765.55120000,80,10377.80000000,164822.17050000,0
149,2021-02-07 02:00:00,15.73000000,15.73000000,15.47000000,15.69000000,23775.41000000,2021-02-07 02:59:59.999,370880.92820000,55,16246.17000000,253692.52330000,0
150,2021-02-07 03:00:00,15.70000000,15.84000000,15.65000000,15.68000000,111986.05000000,2021-02-07 03:59:59.999,1761606.39620000,42,9060.46000000,142762.02890000,0
151,2021-02-07 04:00:00,15.80000000,15.80000000,15.43000000,15.64000000,47582.20000000,2021-02-07 04:59:59.999,744386.36940000,56,18517.92000000,290628.81750000,0
152,2021-02-07 05:00:00,15.56000000,15.95000000,15.56000000,15.84000000,46293.79000000,2021-02-07 05:59:59.999,731504.70990000,86,32697.51000000,517936.58950000,0
153,2021-02-07 06:00:00,15.82000000,15.96000000,15.69000000,15.86000000,63967.51000000,2021-02-07 06:59:59.999,1012098.01300000,96,45034.80000000,713773.22580000,0
154,2021-02-07 07:00:00,15.86000000,16.40000000,15.86000000,16.21000000,115260.73000000,2021-02-07 07:59:59.999,1868428.81550000,157,94379.18000000,1530333.30490000,0
155,2021-02-07 08:00:00,16.30000000,16.50000000,16.19000000,16.40000000,157025.11000000,2021-02-07 08:59:59.999,2569125.22020000,563,93045.62000000,1525602.47910000,0
156,2021-02-07 09:00:00,16.40000000,16.75000000,16.29000000,16.46000000,92192.24000000,2021-02-07 09:59:59.999,1523161.23550000,152,78014.15000000,1289835.21140000,0
157,2021-02-07 10:00:00,16.55000000,16.80000000,16.52000000,16.73000000,64573.24000000,2021-02-07 10:59:59.999,1076309.14740000,126,23483.07000000,392603.23430000,0
158,2021-02-07 11:00:00,16.73000000,16.90000000,16.48000000,16.75000000,125050.89000000,2021-02-07 11:59:59.999,2088713.87470000,183,55074.22000000,925985.07940000,0
159,2021-02-07 12:00:00,16.86000000,17.28000000,16.65000000,17.20000000,354551.08000000,2021-02-07 12:59:59.999,6024727.43910000,259,247139.10000000,4220285.52100000,0
160,2021-02-07 13:00:00,17.15000000,17.38000000,16.76000000,17.17000000,229105.28000000,2021-02-07 13:59:59.999,3912498.81520000,342,118476.48000000,2026959.58400000,0
161,2021-02-07 14:00:00,17.17000000,17.27000000,16.63000000,16.63000000,159708.49000000,2021-02-07 14:59:59.999,2714561.40040000,240,70825.62000000,1213873.33780000,0
162,2021-02-07 15:00:00,16.73000000,16.76000000,16.21000000,16.56000000,279710.14000000,2021-02-07 15:59:59.999,4617548.18870000,280,118985.94000000,1975568.61530000,0
163,2021-02-07 16:00:00,16.47000000,16.71000000,16.16000000,16.49000000,91140.34000000,2021-02-07 16:59:59.999,1500955.80520000,242,51675.98000000,854210.65370000,0
164,2021-02-07 17:00:00,16.50000000,16.70000000,16.23000000,16.59000000,152505.49000000,2021-02-07 17:59:59.999,2509980.71650000,213,37713.20000000,625478.53380000,0
165,2021-02-07 18:00:00,16.59000000,16.77000000,16.51000000,16.66000000,134810.75000000,2021-02-07 18:59:59.999,2240844.49780000,154,62389.67000000,1038646.94470000,0
166,2021-02-07 19:00:00,16.66000000,16.73000000,16.31000000,16.36000000,151008.14000000,2021-02-07 19:59:59.999,2499829.08740000,158,57064.59000000,947057.67620000,0
167,2021-02-07 20:00:00,16.32000000,16.61000000,16.26000000,16.55000000,43216.36000000,2021-02-07 20:59:59.999,712474.49230000,125,22035.56000000,364471.47750000,0
168,2021-02-07 21:00:00,16.55000000,16.90000000,16.48000000,16.68000000,78588.32000000,2021-02-07 21:59:59.999,1314132.76170000,123,66059.54000000,1105563.83900000,0
169,2021-02-07 22:00:00,16.67000000,16.80000000,16.46000000,16.73000000,115261.04000000,2021-02-07 22:59:59.999,1918503.13520000,131,76249.34000000,1270426.13310000,0
170,2021-02-07 23:00:00,16.73000000,16.99000000,16.64000000,16.76000000,30871.26000000,2021-02-07 23:59:59.999,520562.38450000,122,23161.18000000,390811.59070000,0
171,2021-02-08 00:00:00,16.88000000,17.00000000,16.66000000,16.69000000,59432.11000000,2021-02-08 00:59:59.999,999340.26070000,68,24702.04000000,414826.22540000,0
172,2021-02-08 01:00:00,16.69000000,16.73000000,16.55000000,16.72000000,11673.35000000,2021-02-08 01:59:59.999,194365.28930000,41,4185.18000000,69867.84430000,0
173,2021-02-08 02:00:00,16.75000000,16.81000000,16.55000000,16.56000000,13725.57000000,2021-02-08 02:59:59.999,228152.55790000,36,2841.67000000,47599.28810000,0
174,2021-02-08 03:00:00,16.66000000,16.72000000,16.56000000,16.72000000,21036.51000000,2021-02-08 03:59:59.999,351121.89550000,32,19726.03000000,329412.34590000,0
175,2021-02-08 04:00:00,16.73000000,17.00000000,16.65000000,16.86000000,35682.53000000,2021-02-08 04:59:59.999,602182.03070000,78,20893.39000000,353764.02370000,0
176,2021-02-08 05:00:00,16.90000000,17.10000000,16.87000000,17.05000000,92139.20000000,2021-02-08 05:59:59.999,1567433.65540000,85,85697.71000000,1458309.69600000,0
177,2021-02-08 06:00:00,17.09000000,17.18000000,16.88000000,17.04000000,50549.46000000,2021-02-08 06:59:59.999,861934.16330000,127,24826.07000000,424775.37200000,0
178,2021-02-08 07:00:00,17.01000000,17.09000000,16.91000000,17.05000000,55731.68000000,2021-02-08 07:59:59.999,946132.09610000,105,27344.14000000,465583.58840000,0
179,2021-02-08 08:00:00,17.05000000,17.40000000,16.92000000,17.25000000,222445.23000000,2021-02-08 08:59:59.999,3813234.04060000,266,181193.68000000,3109061.57340000,0
180,2021-02-08 09:00:00,17.25000000,17.33000000,17.09000000,17.30000000,74784.79000000,2021-02-08 09:59:59.999,1287211.61730000,122,43174.52000000,743524.26440000,0
181,2021-02-08 10:00:00,17.19000000,17.40000000,17.15000000,17.39000000,69961.38000000,2021-02-08 10:59:59.999,1209306.66280000,174,40179.87000000,695918.36770000,0
182,2021-02-08 11:00:00,17.40000000,17.87000000,17.27000000,17.73000000,116755.88000000,2021-02-08 11:59:59.999,2049096.75780000,179,80685.23000000,1413739.60720000,0
183,2021-02-08 12:00:00,17.68000000,17.84000000,16.91000000,16.91000000,223091.10000000,2021-02-08 12:59:59.999,3903373.88820000,244,40502.12000000,716121.26190000,0
184,2021-02-08 13:00:00,16.91000000,17.22000000,16.66000000,17.09000000,124286.80000000,2021-02-08 13:59:59.999,2105159.61940000,276,60133.90000000,1023427.79640000,0
185,2021-02-08 14:00:00,17.20000000,17.39000000,17.03000000,17.32000000,62018.73000000,2021-02-08 14:59:59.999,1065677.30630000,192,37314.36000000,642592.67970000,0
186,2021-02-08 15:00:00,17.33000000,17.55000000,17.23000000,17.35000000,68298.35000000,2021-02-08 15:59:59.999,1187405.24260000,197,41626.74000000,724560.44590000,0
187,2021-02-08 16:00:00,17.35000000,18.09000000,17.14000000,17.90000000,344916.82000000,2021-02-08 16:59:59.999,6068541.32530000,335,251579.14000000,4433296.40560000,0
188,2021-02-08 17:00:00,17.90000000,18.47000000,17.75000000,18.47000000,237422.22000000,2021-02-08 17:59:59.999,4314073.56470000,391,138037.52000000,2510259.10790000,0
189,2021-02-08 18:00:00,18.37000000,19.46000000,18.05000000,19.31000000,320656.07000000,2021-02-08 18:59:59.999,5993494.27410000,410,196425.15000000,3708469.89840000,0
190,2021-02-08 19:00:00,19.32000000,19.56000000,18.61000000,18.94000000,410815.50000000,2021-02-08 19:59:59.999,7806817.91930000,524,266702.40000000,5077933.83730000,0
191,2021-02-08 20:00:00,18.98000000,19.26000000,18.88000000,18.99000000,91518.48000000,2021-02-08 20:59:59.999,1740702.23300000,212,43054.20000000,820540.92960000,0
192,2021-02-08 21:00:00,19.00000000,19.00000000,18.25000000,18.69000000,141069.99000000,2021-02-08 21:59:59.999,2631486.35490000,243,85603.12000000,1606264.38930000,0
193,2021-02-08 22:00:00,18.69000000,18.87000000,18.50000000,18.71000000,43524.14000000,2021-02-08 22:59:59.999,812797.72190000,155,17450.01000000,327053.93190000,0
194,2021-02-08 23:00:00,18.72000000,19.05000000,18.65000000,18.75000000,69528.66000000,2021-02-08 23:59:59.999,1315252.19350000,179,45407.90000000,860670.92460000,0
195,2021-02-09 00:00:00,18.73000000,19.27000000,18.66000000,18.97000000,74722.55000000,2021-02-09 00:59:59.999,1424211.45260000,209,46068.64000000,880911.33080000,0
196,2021-02-09 01:00:00,18.93000000,19.76000000,18.83000000,19.65000000,135319.49000000,2021-02-09 01:59:59.999,2613040.27120000,200,105409.09000000,2039007.38840000,0
197,2021-02-09 02:00:00,19.65000000,20.44000000,19.26000000,19.77000000,131794.12000000,2021-02-09 02:59:59.999,2614030.02840000,266,90364.10000000,1802440.45240000,0
198,2021-02-09 03:00:00,19.78000000,20.40000000,19.70000000,19.96000000,104526.18000000,2021-02-09 03:59:59.999,2091810.09360000,161,55890.50000000,1125549.87130000,0
199,2021-02-09 04:00:00,20.08000000,20.13000000,19.42000000,19.65000000,273036.51000000,2021-02-09 04:59:59.999,5413634.36500000,232,61433.26000000,1225200.83120000,0
200,2021-02-09 05:00:00,19.77000000,20.01000000,19.59000000,19.81000000,119080.62000000,2021-02-09 05:59:59.999,2359578.41190000,141,91584.34000000,1816669.20910000,0
201,2021-02-09 06:00:00,19.93000000,20.24000000,19.78000000,20.06000000,434404.72000000,2021-02-09 06:59:59.999,8671240.34010000,268,342780.44000000,6843852.69210000,0
202,2021-02-09 07:00:00,20.06000000,20.40000000,19.93000000,20.18000000,150694.23000000,2021-02-09 07:59:59.999,3028111.69810000,224,73509.83000000,1479968.09960000,0
203,2021-02-09 08:00:00,20.23000000,22.22000000,20.01000000,21.99000000,320161.68000000,2021-02-09 08:59:59.999,6687377.75000000,508,195471.53000000,4125020.30170000,0
204,2021-02-09 09:00:00,21.99000000,21.99000000,20.68000000,20.89000000,308339.80000000,2021-02-09 09:59:59.999,6585164.51330000,443,89182.15000000,1900183.18050000,0
205,2021-02-09 10:00:00,21.04000000,21.11000000,20.19000000,20.22000000,87323.61000000,2021-02-09 10:59:59.999,1801106.32210000,230,31656.55000000,657362.38510000,0
206,2021-02-09 11:00:00,20.18000000,21.04000000,20.15000000,20.71000000,165572.03000000,2021-02-09 11:59:59.999,3388688.12910000,196,92711.72000000,1897488.25410000,0
